"NAME","RANK_PROJECTED","RANK_PROJECTED_LIVE","RANK_SCORED","FANTASY_POINTS_PROJECTED","FANTASY_POINTS_PROJECTED_LIVE","FANTASY_POINTS_SCORED","IPO_PRICE","SUGGESTED_PRICE","LAST_PRICE","BID_PRICE","ASK_PRICE","FINAL_PRICE","PROJECTED_VALUATION","CURRENT_VALUATION","TRADEABLE_ID","ENTITY_ID","TEAM_ID","TEAM_ABBREVIATION","EVENT_ID","EVENT_NAME"
"Nikola Jokic",1,1,1,54.36,54.36,"NULL","NULL",13.83,"NULL","NULL","NULL","NULL","25","25","tdbl_6369e253c08de5cf6cb399d24c249554","en_6cb399d24c249554400e3be520480301","team_0d0866361e9040ebffc04d6b5615caf7","DEN","evt_6369e253c08de5cf79f26b373490b332","NBA Daily Main Market 11/9"
"Kevin Durant",2,2,2,53.34,53.34,"NULL","NULL",12.53,"NULL","NULL","NULL","NULL","20","20","tdbl_6369e253c08de5cf3e62cf64271b5acb","en_3e62cf64271b5acb76ab4466250f1c1a","team_926e47503c56d019668d93e2cfa33df6","BKN","evt_6369e253c08de5cf79f26b373490b332","NBA Daily Main Market 11/9"
"Ja Morant",3,4,3,48.95,48.95,"NULL","NULL",10.61,"NULL","NULL","NULL","NULL","18","18","tdbl_6369e253c08de5cf4e6934614546f665","en_4e6934614546f665f922b42e238d411c","team_ee38041b627b686997c75b66a27c2d63","MEM","evt_6369e253c08de5cf79f26b373490b332","NBA Daily Main Market 11/9"
"LeBron James",4,3,4,49.42,49.42,"NULL","NULL",10.58,"NULL","NULL","NULL","NULL","16","16","tdbl_6369e253c08de5cf1452baccd9371298","en_1452baccd9371298c7afbb1641b188bc","team_c810af314a7b97e51d7b768db3b140dd","LAL","evt_6369e253c08de5cf79f26b373490b332","NBA Daily Main Market 11/9"
"Dejounte Murray",5,5,5,47.42,47.42,"NULL","NULL",10.14,"NULL","NULL","NULL","NULL","15","15","tdbl_6369e253c08de5cf9ff8269f39a3a9ef","en_9ff8269f39a3a9efd8071652a0190821","team_4d7379c8d756e5a15190c56b550778a8","ATL","evt_6369e253c08de5cf79f26b373490b332","NBA Daily Main Market 11/9"
"Bobby Portis",6,9,6,43.67,43.67,"NULL","NULL",8.21,"NULL","NULL","NULL","NULL","14","14","tdbl_6369e253c08de5cfdfebd1d75822b846","en_dfebd1d75822b8461db2fd6f8cedb8cb","team_a6917fcb35a29ee9de8c00be7e36f5ae","MIL","evt_6369e253c08de5cf79f26b373490b332","NBA Daily Main Market 11/9"
"Jayson Tatum",7,6,7,45.28,45.28,"NULL","NULL",9.05,"NULL","NULL","NULL","NULL","13","13","tdbl_6369e253c08de5cfda4bddbbc347c31f","en_da4bddbbc347c31feb5f2e7b12506b74","team_1fb9f79b7b84d69cf4ca8b6c43ca0817","BOS","evt_6369e253c08de5cf79f26b373490b332","NBA Daily Main Market 11/9"
"Paul George",8,7,8,44.87,44.87,"NULL","NULL",9.07,"NULL","NULL","NULL","NULL","12","12","tdbl_6369e253c08de5cff59563a6406f63f4","en_f59563a6406f63f4bd7c3b0a9108b530","team_7dd4f60270d41675e670de5d3b365167","LAC","evt_6369e253c08de5cf79f26b373490b332","NBA Daily Main Market 11/9"
"Devin Booker",9,8,9,44.03,44.03,"NULL","NULL",8.01,"NULL","NULL","NULL","NULL","11.5","11.5","tdbl_6369e253c08de5cf53bced79c5450658","en_53bced79c545065841bc86995bb8dce0","team_b24eab7ad40329a6c2d98499001984d6","PHX","evt_6369e253c08de5cf79f26b373490b332","NBA Daily Main Market 11/9"
"Shai Gilgeous-Alexander",10,10,10,42.97,42.97,"NULL","NULL",7.5,"NULL","NULL","NULL","NULL","11","11","tdbl_6369e253c08de5cf33aee19dae855240","en_33aee19dae85524062ebd9103b8bc4d9","team_f8d4d4a89c62cfd39080728541a78e1d","OKC","evt_6369e253c08de5cf79f26b373490b332","NBA Daily Main Market 11/9"
"Karl-Anthony Towns",11,11,11,42.9,42.9,"NULL","NULL",8.61,"NULL","NULL","NULL","NULL","10.5","10.5","tdbl_6369e253c08de5cfa0e5a05ba2d8c2a5","en_a0e5a05ba2d8c2a5b33eee7311eabd59","team_d83b7e99efe8e32e00e57f311b7f2474","MIN","evt_6369e253c08de5cf79f26b373490b332","NBA Daily Main Market 11/9"
"Anthony Davis",12,12,12,41.67,41.67,"NULL","NULL",7.54,"NULL","NULL","NULL","NULL","10","10","tdbl_6369e253c08de5cf9af7d442f918404f","en_9af7d442f918404feced51d877989aa0","team_c810af314a7b97e51d7b768db3b140dd","LAL","evt_6369e253c08de5cf79f26b373490b332","NBA Daily Main Market 11/9"
"Tyrese Haliburton",13,14,13,41.27,41.27,"NULL","NULL",7.32,"NULL","NULL","NULL","NULL","9.5","9.5","tdbl_6369e253c08de5cf5fda36100c32cf2f","en_5fda36100c32cf2fff26276b06d24863","team_fddfa070df9277c85017cffe4104b12e","IND","evt_6369e253c08de5cf79f26b373490b332","NBA Daily Main Market 11/9"
"Zion Williamson",14,15,14,41.03,41.03,"NULL","NULL",7.04,"NULL","NULL","NULL","NULL","9","9","tdbl_6369e253c08de5cf9f778e9b41f860a6","en_9f778e9b41f860a63a2022393779c8ca","team_5d4cd39927492d235af4ebdf3c541ed4","NOP","evt_6369e253c08de5cf79f26b373490b332","NBA Daily Main Market 11/9"
"Fred VanVleet",15,16,15,40.65,40.65,"NULL","NULL",7.2,"NULL","NULL","NULL","NULL","8.75","8.75","tdbl_6369e253c08de5cfcd439276c8d11f5d","en_cd439276c8d11f5d3783506146a77e59","team_348740f5a05d6c44db96baaa917e5412","TOR","evt_6369e253c08de5cf79f26b373490b332","NBA Daily Main Market 11/9"
"Domantas Sabonis",16,17,16,40.18,40.18,"NULL","NULL",6.62,"NULL","NULL","NULL","NULL","8.5","8.5","tdbl_6369e253c08de5cf7007cbabaf7c4576","en_7007cbabaf7c4576649cb8d4b56cc2fc","team_3e7ac27c9ed5ebd3354872841521e986","SAC","evt_6369e253c08de5cf79f26b373490b332","NBA Daily Main Market 11/9"
"Terry Rozier",17,18,17,39.76,39.76,"NULL","NULL",6.57,"NULL","NULL","NULL","NULL","8.25","8.25","tdbl_6369e253c08de5cfddb9b040cd92aaa9","en_ddb9b040cd92aaa9ec560b0ff19a38d8","team_0f1b93d1f9daa8aad8d27fb0165fc89a","CHA","evt_6369e253c08de5cf79f26b373490b332","NBA Daily Main Market 11/9"
"Donovan Mitchell",18,19,18,39.52,39.52,"NULL","NULL",6.26,"NULL","NULL","NULL","NULL","8","8","tdbl_6369e253c08de5cf66ecfa0bb24ccc58","en_66ecfa0bb24ccc5868f025eeb01b0346","team_c00646340cb990d711ba0a71836a83f9","CLE","evt_6369e253c08de5cf79f26b373490b332","NBA Daily Main Market 11/9"
"Darius Garland",19,20,19,39.48,39.48,"NULL","NULL",6.5,"NULL","NULL","NULL","NULL","7.75","7.75","tdbl_6369e253c08de5cf2c32422174fc1a5a","en_2c32422174fc1a5a264857a2f6078612","team_c00646340cb990d711ba0a71836a83f9","CLE","evt_6369e253c08de5cf79f26b373490b332","NBA Daily Main Market 11/9"
"Brandon Ingram",20,21,20,39.29,39.29,"NULL","NULL",6.53,"NULL","NULL","NULL","NULL","7.5","7.5","tdbl_6369e253c08de5cf50924ad9a2f1f059","en_50924ad9a2f1f059ed4ee6b3633c6c19","team_5d4cd39927492d235af4ebdf3c541ed4","NOP","evt_6369e253c08de5cf79f26b373490b332","NBA Daily Main Market 11/9"
"De'Aaron Fox",21,22,21,39.27,39.27,"NULL","NULL",6.39,"NULL","NULL","NULL","NULL","7.25","7.25","tdbl_6369e253c08de5cf821cc214f2e550d8","en_821cc214f2e550d88101bee6f7016d0f","team_3e7ac27c9ed5ebd3354872841521e986","SAC","evt_6369e253c08de5cf79f26b373490b332","NBA Daily Main Market 11/9"
"Jaylen Brown",22,23,22,38.96,38.96,"NULL","NULL",6.47,"NULL","NULL","NULL","NULL","7","7","tdbl_6369e253c08de5cf4b8c495d9fa8db90","en_4b8c495d9fa8db90c0b6dd48d1b5d785","team_1fb9f79b7b84d69cf4ca8b6c43ca0817","BOS","evt_6369e253c08de5cf79f26b373490b332","NBA Daily Main Market 11/9"
"Damian Lillard",23,13,23,41.67,41.67,"NULL","NULL",7.22,"NULL","NULL","NULL","NULL","6.84","6.84","tdbl_6369e253c08de5cf01113a8407ed38e2","en_01113a8407ed38e2c38f2400f996a324","team_25ee4cc4ceb6e55bf09e36b84fafffe3","POR","evt_6369e253c08de5cf79f26b373490b332","NBA Daily Main Market 11/9"
"Julius Randle",24,24,24,37.57,37.57,"NULL","NULL",6.42,"NULL","NULL","NULL","NULL","6.67","6.67","tdbl_6369e253c08de5cfdcbfa30bc15589d8","en_dcbfa30bc15589d840f82600d2584c6b","team_5deb8a73923692ffb84a1e59b19b2839","NYK","evt_6369e253c08de5cf79f26b373490b332","NBA Daily Main Market 11/9"
"Lauri Markkanen",25,25,25,37.12,37.12,"NULL","NULL",5.64,"NULL","NULL","NULL","NULL","6.5","6.5","tdbl_6369e253c08de5cf12eea72edeb9eff3","en_12eea72edeb9eff384f34270977fbdc8","team_1a5bcc13aa6b9c181ed4a0e9eb55d5d4","UTA","evt_6369e253c08de5cf79f26b373490b332","NBA Daily Main Market 11/9"
"Scottie Barnes",26,26,26,36.7,36.7,"NULL","NULL",5.59,"NULL","NULL","NULL","NULL","6.34","6.34","tdbl_6369e253c08de5cf6151cad76fd11f3c","en_6151cad76fd11f3cedf2306909f3fbaf","team_348740f5a05d6c44db96baaa917e5412","TOR","evt_6369e253c08de5cf79f26b373490b332","NBA Daily Main Market 11/9"
"Cade Cunningham",27,27,27,36.43,36.43,"NULL","NULL",5.94,"NULL","NULL","NULL","NULL","6.17","6.17","tdbl_6369e253c08de5cf6151cad941a61e84","en_6151cad941a61e84a5253f0475f87f8e","team_aa96573963b629bf2a078d8cc3e107b2","DET","evt_6369e253c08de5cf79f26b373490b332","NBA Daily Main Market 11/9"
"Keldon Johnson",28,28,28,36.24,36.24,"NULL","NULL",5.57,"NULL","NULL","NULL","NULL","6","6","tdbl_6369e253c08de5cffe61ab69829bf6da","en_fe61ab69829bf6dab4dd36f9250fd546","team_a81cc369e80e7779c099c9acc75d1d2d","SAS","evt_6369e253c08de5cf79f26b373490b332","NBA Daily Main Market 11/9"
"DeMar DeRozan",29,29,29,35.8,35.8,"NULL","NULL",5.18,"NULL","NULL","NULL","NULL","5.84","5.84","tdbl_6369e253c08de5cfd990c82c4ca85db2","en_d990c82c4ca85db2842ad80db1af326d","team_c13144b884a226eb1644f76c1538f47f","CHI","evt_6369e253c08de5cf79f26b373490b332","NBA Daily Main Market 11/9"
"Desmond Bane",30,30,30,35.48,35.48,"NULL","NULL",5.31,"NULL","NULL","NULL","NULL","5.67","5.67","tdbl_6369e253c08de5cf5fda3613ec80af9c","en_5fda3613ec80af9cbed585df37d9a1a5","team_ee38041b627b686997c75b66a27c2d63","MEM","evt_6369e253c08de5cf79f26b373490b332","NBA Daily Main Market 11/9"
"Nikola Vucevic",31,31,31,34.81,34.81,"NULL","NULL",5.66,"NULL","NULL","NULL","NULL","5.5","5.5","tdbl_6369e253c08de5cff6c7d554d2fa9f75","en_f6c7d554d2fa9f754e26a136a78154f1","team_c13144b884a226eb1644f76c1538f47f","CHI","evt_6369e253c08de5cf79f26b373490b332","NBA Daily Main Market 11/9"
"Alperen Sengun",32,32,32,34.69,34.69,"NULL","NULL",5.05,"NULL","NULL","NULL","NULL","5.34","5.34","tdbl_6369e253c08de5cf6151cad8535b9fa3","en_6151cad8535b9fa31948810ce2da807b","team_682f0dedc9cc1e1459a84a8fa457adfa","HOU","evt_6369e253c08de5cf79f26b373490b332","NBA Daily Main Market 11/9"
"Zach LaVine",33,33,33,34.64,34.64,"NULL","NULL",4.95,"NULL","NULL","NULL","NULL","5.17","5.17","tdbl_6369e253c08de5cf6e0fdc100bc85f36","en_6e0fdc100bc85f36982958c63fa49d4d","team_c13144b884a226eb1644f76c1538f47f","CHI","evt_6369e253c08de5cf79f26b373490b332","NBA Daily Main Market 11/9"
"Kevin Porter",34,34,34,34.5,34.5,"NULL","NULL",4.97,"NULL","NULL","NULL","NULL","5","5","tdbl_6369e253c08de5cfff28eb20d301f9a1","en_ff28eb20d301f9a1ea59034a859a207a","team_682f0dedc9cc1e1459a84a8fa457adfa","HOU","evt_6369e253c08de5cf79f26b373490b332","NBA Daily Main Market 11/9"
"Anthony Edwards",35,35,35,34.26,34.26,"NULL","NULL",4.93,"NULL","NULL","NULL","NULL","4.88","4.88","tdbl_6369e253c08de5cf5fda36138b3d8089","en_5fda36138b3d8089248164700733b78d","team_d83b7e99efe8e32e00e57f311b7f2474","MIN","evt_6369e253c08de5cf79f26b373490b332","NBA Daily Main Market 11/9"
"Jalen Brunson",36,37,36,33.3,33.3,"NULL","NULL",4.54,"NULL","NULL","NULL","NULL","4.75","4.75","tdbl_6369e253c08de5cf6791d750d44470d1","en_6791d750d44470d1790b007c4bd38a5f","team_5deb8a73923692ffb84a1e59b19b2839","NYK","evt_6369e253c08de5cf79f26b373490b332","NBA Daily Main Market 11/9"
"OG Anunoby",37,36,37,33.44,33.44,"NULL","NULL",4.82,"NULL","NULL","NULL","NULL","4.63","4.63","tdbl_6369e253c08de5cf82db34a5ef5dff8e","en_82db34a5ef5dff8ea7ec34a62a380e9b","team_348740f5a05d6c44db96baaa917e5412","TOR","evt_6369e253c08de5cf79f26b373490b332","NBA Daily Main Market 11/9"
"CJ McCollum",38,39,38,33.19,33.19,"NULL","NULL",4.69,"NULL","NULL","NULL","NULL","4.5","4.5","tdbl_6369e253c08de5cf4641ef307a4855e5","en_4641ef307a4855e5926a44fa508e31f0","team_5d4cd39927492d235af4ebdf3c541ed4","NOP","evt_6369e253c08de5cf79f26b373490b332","NBA Daily Main Market 11/9"
"Brook Lopez",39,38,39,33.29,33.29,"NULL","NULL",4.89,"NULL","NULL","NULL","NULL","4.38","4.38","tdbl_6369e253c08de5cf806121a64c461e99","en_806121a64c461e99961ed7af9079dd93","team_a6917fcb35a29ee9de8c00be7e36f5ae","MIL","evt_6369e253c08de5cf79f26b373490b332","NBA Daily Main Market 11/9"
"Jarrett Allen",40,40,40,32.93,32.93,"NULL","NULL",4.49,"NULL","NULL","NULL","NULL","4.25","4.25","tdbl_6369e253c08de5cf76c100ef2f1e6d85","en_76c100ef2f1e6d85af36efbcfb0a056c","team_c00646340cb990d711ba0a71836a83f9","CLE","evt_6369e253c08de5cf79f26b373490b332","NBA Daily Main Market 11/9"
"Rudy Gobert",41,42,41,32.28,32.28,"NULL","NULL",3.91,"NULL","NULL","NULL","NULL","4.13","4.13","tdbl_6369e253c08de5cf2d5eb9139e57478c","en_2d5eb9139e57478cbc9808bd88c32da0","team_d83b7e99efe8e32e00e57f311b7f2474","MIN","evt_6369e253c08de5cf79f26b373490b332","NBA Daily Main Market 11/9"
"RJ Barrett",42,44,42,32.21,32.21,"NULL","NULL",3.89,"NULL","NULL","NULL","NULL","4","4","tdbl_6369e253c08de5cf30e17ed50d20cfce","en_30e17ed50d20cfce8f2fc46b8799d0fd","team_5deb8a73923692ffb84a1e59b19b2839","NYK","evt_6369e253c08de5cf79f26b373490b332","NBA Daily Main Market 11/9"
"Nic Claxton",43,41,43,32.31,32.31,"NULL","NULL",3.87,"NULL","NULL","NULL","NULL","3.9","3.9","tdbl_6369e253c08de5cf3f989864d2e21f67","en_3f989864d2e21f67d4b40fcc42526503","team_926e47503c56d019668d93e2cfa33df6","BKN","evt_6369e253c08de5cf79f26b373490b332","NBA Daily Main Market 11/9"
"Buddy Hield",44,45,44,32.12,32.12,"NULL","NULL",3.82,"NULL","NULL","NULL","NULL","3.8","3.8","tdbl_6369e253c08de5cf3691c43454c522a8","en_3691c43454c522a8a0df48c557ff6b85","team_fddfa070df9277c85017cffe4104b12e","IND","evt_6369e253c08de5cf79f26b373490b332","NBA Daily Main Market 11/9"
"Deandre Ayton",45,46,45,32.01,32.01,"NULL","NULL",3.86,"NULL","NULL","NULL","NULL","3.7","3.7","tdbl_6369e253c08de5cf67c8368a3905f8be","en_67c8368a3905f8beee69393ccec854e5","team_b24eab7ad40329a6c2d98499001984d6","PHX","evt_6369e253c08de5cf79f26b373490b332","NBA Daily Main Market 11/9"
"Jordan Clarkson",46,48,46,31.94,31.94,"NULL","NULL",3.57,"NULL","NULL","NULL","NULL","3.6","3.6","tdbl_6369e253c08de5cfb1f75a880e970eed","en_b1f75a880e970eed62358ab33ea3501c","team_1a5bcc13aa6b9c181ed4a0e9eb55d5d4","UTA","evt_6369e253c08de5cf79f26b373490b332","NBA Daily Main Market 11/9"
"Myles Turner",47,47,47,31.97,31.97,"NULL","NULL",3.9,"NULL","NULL","NULL","NULL","3.5","3.5","tdbl_6369e253c08de5cf9eac5cb53b05ad1f","en_9eac5cb53b05ad1fc441dceebe616d58","team_fddfa070df9277c85017cffe4104b12e","IND","evt_6369e253c08de5cf79f26b373490b332","NBA Daily Main Market 11/9"
"Jalen Green",48,49,48,31.38,31.38,"NULL","NULL",3.88,"NULL","NULL","NULL","NULL","3.4","3.4","tdbl_6369e253c08de5cf6151cad8ba8d1035","en_6151cad8ba8d10358c5223eccea4696c","team_682f0dedc9cc1e1459a84a8fa457adfa","HOU","evt_6369e253c08de5cf79f26b373490b332","NBA Daily Main Market 11/9"
"Jakob Poeltl",49,50,49,30.95,30.95,"NULL","NULL",3.93,"NULL","NULL","NULL","NULL","3.3","3.3","tdbl_6369e253c08de5cf6f4d2e8b1bb4befa","en_6f4d2e8b1bb4befa3e0aaa8fcd56831c","team_a81cc369e80e7779c099c9acc75d1d2d","SAS","evt_6369e253c08de5cf79f26b373490b332","NBA Daily Main Market 11/9"
"Clint Capela",50,56,50,30.04,30.04,"NULL","NULL",3.38,"NULL","NULL","NULL","NULL","3.2","3.2","tdbl_6369e253c08de5cf6f00e5a44587434e","en_6f00e5a44587434e7670b5c171095e92","team_4d7379c8d756e5a15190c56b550778a8","ATL","evt_6369e253c08de5cf79f26b373490b332","NBA Daily Main Market 11/9"
"Jamal Murray",51,52,51,30.43,30.43,"NULL","NULL",3.42,"NULL","NULL","NULL","NULL","3.1","3.1","tdbl_6369e253c08de5cfd4dffde4be5e9336","en_d4dffde4be5e9336cc71af2a5fc9de29","team_0d0866361e9040ebffc04d6b5615caf7","DEN","evt_6369e253c08de5cf79f26b373490b332","NBA Daily Main Market 11/9"
"Cameron Payne",52,53,52,30.26,30.26,"NULL","NULL",3.7,"NULL","NULL","NULL","NULL","3","3","tdbl_6369e253c08de5cff32fc209d67b3b09","en_f32fc209d67b3b09857f11370f7718ca","team_b24eab7ad40329a6c2d98499001984d6","PHX","evt_6369e253c08de5cf79f26b373490b332","NBA Daily Main Market 11/9"
"Devin Vassell",53,54,53,30.14,30.14,"NULL","NULL",3.56,"NULL","NULL","NULL","NULL","2.92","2.92","tdbl_6369e253c08de5cf5fda36122455d1d3","en_5fda36122455d1d34df3ffbdd959b639","team_a81cc369e80e7779c099c9acc75d1d2d","SAS","evt_6369e253c08de5cf79f26b373490b332","NBA Daily Main Market 11/9"
"Dennis Smith",54,55,54,30.13,30.13,"NULL","NULL",3.53,"NULL","NULL","NULL","NULL","2.83","2.83","tdbl_6369e253c08de5cf43f7aac6dbada085","en_43f7aac6dbada0853c99de46e8871ecf","team_0f1b93d1f9daa8aad8d27fb0165fc89a","CHA","evt_6369e253c08de5cf79f26b373490b332","NBA Daily Main Market 11/9"
"Evan Mobley",55,58,55,29.8,29.8,"NULL","NULL",3.53,"NULL","NULL","NULL","NULL","2.75","2.75","tdbl_6369e253c08de5cf6151cadadaa107c6","en_6151cadadaa107c6da6306fca7563f20","team_c00646340cb990d711ba0a71836a83f9","CLE","evt_6369e253c08de5cf79f26b373490b332","NBA Daily Main Market 11/9"
"Ivica Zubac",56,59,56,29.39,29.39,"NULL","NULL",3.33,"NULL","NULL","NULL","NULL","2.66","2.66","tdbl_6369e253c08de5cf85e7a39b281a7530","en_85e7a39b281a7530b8301afc32033926","team_7dd4f60270d41675e670de5d3b365167","LAC","evt_6369e253c08de5cf79f26b373490b332","NBA Daily Main Market 11/9"
"Russell Westbrook",57,57,57,29.98,29.98,"NULL","NULL",3.37,"NULL","NULL","NULL","NULL","2.58","2.58","tdbl_6369e253c08de5cf9429a910322dd902","en_9429a910322dd902d9cd6a0f3dd8f4b2","team_c810af314a7b97e51d7b768db3b140dd","LAL","evt_6369e253c08de5cf79f26b373490b332","NBA Daily Main Market 11/9"
"Michael Porter",58,61,58,29.05,29.05,"NULL","NULL",3.26,"NULL","NULL","NULL","NULL","2.5","2.5","tdbl_6369e253c08de5cf93b3dc565aebb459","en_93b3dc565aebb4599e785daf47b809a6","team_0d0866361e9040ebffc04d6b5615caf7","DEN","evt_6369e253c08de5cf79f26b373490b332","NBA Daily Main Market 11/9"
"P.J. Washington",59,60,59,29.38,29.38,"NULL","NULL",3.36,"NULL","NULL","NULL","NULL","2.43","2.43","tdbl_6369e253c08de5cf1fcc2ca79b66ea18","en_1fcc2ca79b66ea18e620d2eaab2233f0","team_0f1b93d1f9daa8aad8d27fb0165fc89a","CHA","evt_6369e253c08de5cf79f26b373490b332","NBA Daily Main Market 11/9"
"Josh Giddey",60,62,60,29.03,29.03,"NULL","NULL",3.3,"NULL","NULL","NULL","NULL","2.36","2.36","tdbl_6369e253c08de5cf6151cada0fbd9428","en_6151cada0fbd94289de056304c8a03a3","team_f8d4d4a89c62cfd39080728541a78e1d","OKC","evt_6369e253c08de5cf79f26b373490b332","NBA Daily Main Market 11/9"
"Jonas Valanciunas",61,63,61,28.86,28.86,"NULL","NULL",3.31,"NULL","NULL","NULL","NULL","2.29","2.29","tdbl_6369e253c08de5cf8d1c1ad7764c997b","en_8d1c1ad7764c997b0db885553bb42b48","team_5d4cd39927492d235af4ebdf3c541ed4","NOP","evt_6369e253c08de5cf79f26b373490b332","NBA Daily Main Market 11/9"
"Mikal Bridges",62,65,62,28.38,28.38,"NULL","NULL",3.27,"NULL","NULL","NULL","NULL","2.22","2.22","tdbl_6369e253c08de5cf4d6d905196dd90c8","en_4d6d905196dd90c87f3a61c09353d8b4","team_b24eab7ad40329a6c2d98499001984d6","PHX","evt_6369e253c08de5cf79f26b373490b332","NBA Daily Main Market 11/9"
"Tre Jones",63,64,63,28.41,28.41,"NULL","NULL",3.42,"NULL","NULL","NULL","NULL","2.15","2.15","tdbl_6369e253c08de5cf5fda36124e65b205","en_5fda36124e65b20590a61f5da0a5138a","team_a81cc369e80e7779c099c9acc75d1d2d","SAS","evt_6369e253c08de5cf79f26b373490b332","NBA Daily Main Market 11/9"
"Josh Hart",64,51,64,30.78,30.78,"NULL","NULL",3.78,"NULL","NULL","NULL","NULL","2.08","2.08","tdbl_6369e253c08de5cf01e420d6a93820ae","en_01e420d6a93820aedbdbfbba1919c3fb","team_25ee4cc4ceb6e55bf09e36b84fafffe3","POR","evt_6369e253c08de5cf79f26b373490b332","NBA Daily Main Market 11/9"
"Mike Conley",65,66,65,28.27,28.27,"NULL","NULL",3.32,"NULL","NULL","NULL","NULL","2","2","tdbl_6369e253c08de5cf2c3266def21aaa4b","en_2c3266def21aaa4bda3b4e2c77f34fce","team_1a5bcc13aa6b9c181ed4a0e9eb55d5d4","UTA","evt_6369e253c08de5cf79f26b373490b332","NBA Daily Main Market 11/9"
"John Collins",66,67,66,27.85,27.85,"NULL","NULL",3.31,"NULL","NULL","NULL","NULL","1.93","1.93","tdbl_6369e253c08de5cfd69d46129a5ecc84","en_d69d46129a5ecc849c083c99e86ebf65","team_4d7379c8d756e5a15190c56b550778a8","ATL","evt_6369e253c08de5cf79f26b373490b332","NBA Daily Main Market 11/9"
"Marcus Smart",67,68,67,27.62,27.62,"NULL","NULL",3.27,"NULL","NULL","NULL","NULL","1.86","1.86","tdbl_6369e253c08de5cf049fe8ca7bf97ec4","en_049fe8ca7bf97ec4f11727a7d6462147","team_1fb9f79b7b84d69cf4ca8b6c43ca0817","BOS","evt_6369e253c08de5cf79f26b373490b332","NBA Daily Main Market 11/9"
"Grayson Allen",68,71,68,27.06,27.06,"NULL","NULL",2.8,"NULL","NULL","NULL","NULL","1.79","1.79","tdbl_6369e253c08de5cf3ca2dc749cee3306","en_3ca2dc749cee3306f2687f901ade45d8","team_a6917fcb35a29ee9de8c00be7e36f5ae","MIL","evt_6369e253c08de5cf79f26b373490b332","NBA Daily Main Market 11/9"
"Anfernee Simons",69,43,69,32.23,32.23,"NULL","NULL",3.71,"NULL","NULL","NULL","NULL","1.72","1.72","tdbl_6369e253c08de5cffbca95e65989951a","en_fbca95e65989951afa24366d636e3fe5","team_25ee4cc4ceb6e55bf09e36b84fafffe3","POR","evt_6369e253c08de5cf79f26b373490b332","NBA Daily Main Market 11/9"
"D'Angelo Russell",70,70,70,27.11,27.11,"NULL","NULL",3.02,"NULL","NULL","NULL","NULL","1.65","1.65","tdbl_6369e253c08de5cf9d527de0f0298cd6","en_9d527de0f0298cd6c322ad4cdf60872b","team_d83b7e99efe8e32e00e57f311b7f2474","MIN","evt_6369e253c08de5cf79f26b373490b332","NBA Daily Main Market 11/9"
"Brandon Clarke",71,72,71,26.97,26.97,"NULL","NULL",2.72,"NULL","NULL","NULL","NULL","1.58","1.58","tdbl_6369e253c08de5cfd6171dfea381a48f","en_d6171dfea381a48f9dcae732aa575747","team_ee38041b627b686997c75b66a27c2d63","MEM","evt_6369e253c08de5cf79f26b373490b332","NBA Daily Main Market 11/9"
"Aaron Gordon",72,73,72,26.95,26.95,"NULL","NULL",2.8,"NULL","NULL","NULL","NULL","1.5","1.5","tdbl_6369e253c08de5cf55086ea38656fe99","en_55086ea38656fe999b9ecfe8d4aa16dd","team_0d0866361e9040ebffc04d6b5615caf7","DEN","evt_6369e253c08de5cf79f26b373490b332","NBA Daily Main Market 11/9"
"Malcolm Brogdon",73,74,73,26.81,26.81,"NULL","NULL",2.68,"NULL","NULL","NULL","NULL","1.44","1.44","tdbl_6369e253c08de5cf5a3e191272ee8dca","en_5a3e191272ee8dca833c8074c7507e7c","team_1fb9f79b7b84d69cf4ca8b6c43ca0817","BOS","evt_6369e253c08de5cf79f26b373490b332","NBA Daily Main Market 11/9"
"Gary Trent",74,75,74,26.77,26.77,"NULL","NULL",2.82,"NULL","NULL","NULL","NULL","1.38","1.38","tdbl_6369e253c08de5cf0b04a4c808a880c2","en_0b04a4c808a880c2d179229fd24666c8","team_348740f5a05d6c44db96baaa917e5412","TOR","evt_6369e253c08de5cf79f26b373490b332","NBA Daily Main Market 11/9"
"Kelly Oubre",75,69,75,27.44,27.44,"NULL","NULL",3.03,"NULL","NULL","NULL","NULL","1.32","1.32","tdbl_6369e253c08de5cf9c54cda727de77cf","en_9c54cda727de77cf01b28c065e2e39c6","team_0f1b93d1f9daa8aad8d27fb0165fc89a","CHA","evt_6369e253c08de5cf79f26b373490b332","NBA Daily Main Market 11/9"
"John Wall",76,76,76,26.53,26.53,"NULL","NULL",2.62,"NULL","NULL","NULL","NULL","1.26","1.26","tdbl_6369e253c08de5cfe9d06d05152dd51e","en_e9d06d05152dd51e4a3b68b4b5b62305","team_7dd4f60270d41675e670de5d3b365167","LAC","evt_6369e253c08de5cf79f26b373490b332","NBA Daily Main Market 11/9"
"Royce O'Neale",77,79,77,26.01,26.01,"NULL","NULL",2.66,"NULL","NULL","NULL","NULL","1.2","1.2","tdbl_6369e253c08de5cf574634846501d886","en_574634846501d886d640e4afbb2bd822","team_926e47503c56d019668d93e2cfa33df6","BKN","evt_6369e253c08de5cf79f26b373490b332","NBA Daily Main Market 11/9"
"Collin Sexton",78,80,78,25.76,25.76,"NULL","NULL",2.19,"NULL","NULL","NULL","NULL","1.14","1.14","tdbl_6369e253c08de5cf7f80713e2926a28c","en_7f80713e2926a28c7a77d1dfb83c2475","team_1a5bcc13aa6b9c181ed4a0e9eb55d5d4","UTA","evt_6369e253c08de5cf79f26b373490b332","NBA Daily Main Market 11/9"
"Isaiah Stewart",79,81,79,25.59,25.59,"NULL","NULL",2.66,"NULL","NULL","NULL","NULL","1.08","1.08","tdbl_6369e253c08de5cf5fda3612fa4ee331","en_5fda3612fa4ee3316b0ca8caed9fd261","team_aa96573963b629bf2a078d8cc3e107b2","DET","evt_6369e253c08de5cf79f26b373490b332","NBA Daily Main Market 11/9"
"Marcus Morris",80,83,80,25.39,25.39,"NULL","NULL",2.58,"NULL","NULL","NULL","NULL","1","1","tdbl_6369e253c08de5cf6e82fa5f30bdfa80","en_6e82fa5f30bdfa80607852c24ab871dc","team_7dd4f60270d41675e670de5d3b365167","LAC","evt_6369e253c08de5cf79f26b373490b332","NBA Daily Main Market 11/9"
"Jalen Smith",81,82,81,25.4,25.4,"NULL","NULL",2.4,"NULL","NULL","NULL","NULL","1","1","tdbl_6369e253c08de5cf5fda3612d0d5fa88","en_5fda3612d0d5fa882af1893d65d4a236","team_fddfa070df9277c85017cffe4104b12e","IND","evt_6369e253c08de5cf79f26b373490b332","NBA Daily Main Market 11/9"
"Kelly Olynyk",82,84,82,25.38,25.38,"NULL","NULL",2.37,"NULL","NULL","NULL","NULL","1","1","tdbl_6369e253c08de5cf0483c685aa422392","en_0483c685aa422392b87f326292941df6","team_1a5bcc13aa6b9c181ed4a0e9eb55d5d4","UTA","evt_6369e253c08de5cf79f26b373490b332","NBA Daily Main Market 11/9"
"Al Horford",83,85,83,25.24,25.24,"NULL","NULL",2.55,"NULL","NULL","NULL","NULL","1","1","tdbl_6369e253c08de5cf63a58b55849249a4","en_63a58b55849249a4da31c5159c277902","team_1fb9f79b7b84d69cf4ca8b6c43ca0817","BOS","evt_6369e253c08de5cf79f26b373490b332","NBA Daily Main Market 11/9"
"Mason Plumlee",84,77,84,26.3,26.3,"NULL","NULL",2.63,"NULL","NULL","NULL","NULL","1","1","tdbl_6369e253c08de5cf60935204130384bb","en_60935204130384bb89701c792e485d77","team_0f1b93d1f9daa8aad8d27fb0165fc89a","CHA","evt_6369e253c08de5cf79f26b373490b332","NBA Daily Main Market 11/9"
"Jaden Ivey",85,86,85,24.68,24.68,"NULL","NULL",2.42,"NULL","NULL","NULL","NULL","1","1","tdbl_6369e253c08de5cf62bafc5742cbee38","en_62bafc5742cbee38171b069f27e52c8d","team_aa96573963b629bf2a078d8cc3e107b2","DET","evt_6369e253c08de5cf79f26b373490b332","NBA Daily Main Market 11/9"
"Saddiq Bey",86,87,86,24.36,24.36,"NULL","NULL",2.23,"NULL","NULL","NULL","NULL","1","1","tdbl_6369e253c08de5cf5fda3612e4bbd332","en_5fda3612e4bbd3328ef939b04cb0fc7f","team_aa96573963b629bf2a078d8cc3e107b2","DET","evt_6369e253c08de5cf79f26b373490b332","NBA Daily Main Market 11/9"
"Caris LeVert",87,88,87,24.13,24.13,"NULL","NULL",2.22,"NULL","NULL","NULL","NULL","1","1","tdbl_6369e253c08de5cf4f8bfd04c6dc18eb","en_4f8bfd04c6dc18eb1998461cfe818391","team_c00646340cb990d711ba0a71836a83f9","CLE","evt_6369e253c08de5cf79f26b373490b332","NBA Daily Main Market 11/9"
"Dillon Brooks",88,89,88,24.05,24.05,"NULL","NULL",2.24,"NULL","NULL","NULL","NULL","1","1","tdbl_6369e253c08de5cfaf7276ad9c2ac994","en_af7276ad9c2ac9947430e2666d4df10b","team_ee38041b627b686997c75b66a27c2d63","MEM","evt_6369e253c08de5cf79f26b373490b332","NBA Daily Main Market 11/9"
"Chris Boucher",89,90,89,24,24,"NULL","NULL",2.08,"NULL","NULL","NULL","NULL","1","1","tdbl_6369e253c08de5cfc8575d48d76bc1fc","en_c8575d48d76bc1fc63dd1b9b84f50fbd","team_348740f5a05d6c44db96baaa917e5412","TOR","evt_6369e253c08de5cf79f26b373490b332","NBA Daily Main Market 11/9"
"Bones Hyland",90,91,90,23.85,23.85,"NULL","NULL",2.01,"NULL","NULL","NULL","NULL","1","1","tdbl_6369e253c08de5cf6151cad62230d74e","en_6151cad62230d74e08921efab31141e4","team_0d0866361e9040ebffc04d6b5615caf7","DEN","evt_6369e253c08de5cf79f26b373490b332","NBA Daily Main Market 11/9"
"Kevin Love",91,92,91,23.81,23.81,"NULL","NULL",2.1,"NULL","NULL","NULL","NULL","1","1","tdbl_6369e253c08de5cf2a73bfb57ac5404e","en_2a73bfb57ac5404ed58053fe045a1b9b","team_c00646340cb990d711ba0a71836a83f9","CLE","evt_6369e253c08de5cf79f26b373490b332","NBA Daily Main Market 11/9"
"Kevin Huerter",92,93,92,23.28,23.28,"NULL","NULL",2.03,"NULL","NULL","NULL","NULL","1","1","tdbl_6369e253c08de5cf023e68c6cd6cd622","en_023e68c6cd6cd62221a956b734beda2d","team_3e7ac27c9ed5ebd3354872841521e986","SAC","evt_6369e253c08de5cf79f26b373490b332","NBA Daily Main Market 11/9"
"Bennedict Mathurin",93,94,93,23.16,23.16,"NULL","NULL",2.08,"NULL","NULL","NULL","NULL","1","1","tdbl_6369e253c08de5cf62bafc57d06989a2","en_62bafc57d06989a2314f8e50819339ea","team_fddfa070df9277c85017cffe4104b12e","IND","evt_6369e253c08de5cf79f26b373490b332","NBA Daily Main Market 11/9"
"Luguentz Dort",94,95,94,22.73,22.73,"NULL","NULL",1.92,"NULL","NULL","NULL","NULL","1","1","tdbl_6369e253c08de5cf85078b5202b93fb5","en_85078b5202b93fb54b82975a7a022b4c","team_f8d4d4a89c62cfd39080728541a78e1d","OKC","evt_6369e253c08de5cf79f26b373490b332","NBA Daily Main Market 11/9"
"Jordan Nwora",95,96,95,22.06,22.06,"NULL","NULL",1.98,"NULL","NULL","NULL","NULL","1","1","tdbl_6369e253c08de5cf5fda36122c47597b","en_5fda36122c47597bd07974b00c82d66c","team_a6917fcb35a29ee9de8c00be7e36f5ae","MIL","evt_6369e253c08de5cf79f26b373490b332","NBA Daily Main Market 11/9"
"De'Andre Hunter",96,97,96,22.02,22.02,"NULL","NULL",1.89,"NULL","NULL","NULL","NULL","1","1","tdbl_6369e253c08de5cf0d467470e15ea91b","en_0d467470e15ea91b6aae2c96ea264929","team_4d7379c8d756e5a15190c56b550778a8","ATL","evt_6369e253c08de5cf79f26b373490b332","NBA Daily Main Market 11/9"
"Kentavious Caldwell-Pope",97,98,97,21.98,21.98,"NULL","NULL",1.89,"NULL","NULL","NULL","NULL","1","1","tdbl_6369e253c08de5cff2b631af853210c3","en_f2b631af853210c349589897ce70181d","team_0d0866361e9040ebffc04d6b5615caf7","DEN","evt_6369e253c08de5cf79f26b373490b332","NBA Daily Main Market 11/9"
"Bojan Bogdanovic",98,99,98,21.83,21.83,"NULL","NULL",1.94,"NULL","NULL","NULL","NULL","1","1","tdbl_6369e253c08de5cfd407a123802e4786","en_d407a123802e47862695dc76310ee0f5","team_aa96573963b629bf2a078d8cc3e107b2","DET","evt_6369e253c08de5cf79f26b373490b332","NBA Daily Main Market 11/9"
"Andrew Nembhard",99,100,99,21.7,21.7,"NULL","NULL",1.73,"NULL","NULL","NULL","NULL","1","1","tdbl_6369e253c08de5cf62bafc57af7da1bc","en_62bafc57af7da1bcb26fba74c660ed86","team_fddfa070df9277c85017cffe4104b12e","IND","evt_6369e253c08de5cf79f26b373490b332","NBA Daily Main Market 11/9"
"Joe Harris",100,101,100,21.58,21.58,"NULL","NULL",1.86,"NULL","NULL","NULL","NULL","1","1","tdbl_6369e253c08de5cf3c7eaf589d0dd271","en_3c7eaf589d0dd271990a183d4d233b76","team_926e47503c56d019668d93e2cfa33df6","BKN","evt_6369e253c08de5cf79f26b373490b332","NBA Daily Main Market 11/9"
"Cam Thomas",101,102,101,21.56,21.56,"NULL","NULL",1.9,"NULL","NULL","NULL","NULL","1","1","tdbl_6369e253c08de5cf6151cad9661c29cb","en_6151cad9661c29cb5842ee8bf51930bd","team_926e47503c56d019668d93e2cfa33df6","BKN","evt_6369e253c08de5cf79f26b373490b332","NBA Daily Main Market 11/9"
"Reggie Jackson",102,104,102,21.49,21.49,"NULL","NULL",1.83,"NULL","NULL","NULL","NULL","1","1","tdbl_6369e253c08de5cfe9aea717e9a5e7f3","en_e9aea717e9a5e7f38ff52b27abdf2fc3","team_7dd4f60270d41675e670de5d3b365167","LAC","evt_6369e253c08de5cf79f26b373490b332","NBA Daily Main Market 11/9"
"Jevon Carter",103,103,103,21.51,21.51,"NULL","NULL",1.94,"NULL","NULL","NULL","NULL","1","1","tdbl_6369e253c08de5cfb295b39c7b29d4be","en_b295b39c7b29d4bebcb333584b81e8cc","team_a6917fcb35a29ee9de8c00be7e36f5ae","MIL","evt_6369e253c08de5cf79f26b373490b332","NBA Daily Main Market 11/9"
"Jusuf Nurkic",104,134,104,0,0,"NULL","NULL",1,"NULL","NULL","NULL","NULL","1","1","tdbl_6369e253c08de5cf1a3043d6384c59cc","en_1a3043d6384c59cc7e9b304f71dac862","team_25ee4cc4ceb6e55bf09e36b84fafffe3","POR","evt_6369e253c08de5cf79f26b373490b332","NBA Daily Main Market 11/9"
"Ayo Dosunmu",105,105,105,21.12,21.12,"NULL","NULL",1.67,"NULL","NULL","NULL","NULL","1","1","tdbl_6369e253c08de5cf6151cadab40232a2","en_6151cadab40232a24f6d14f93cc3dfcc","team_c13144b884a226eb1644f76c1538f47f","CHI","evt_6369e253c08de5cf79f26b373490b332","NBA Daily Main Market 11/9"
"Malik Monk",106,106,106,20.95,20.95,"NULL","NULL",1.67,"NULL","NULL","NULL","NULL","1","1","tdbl_6369e253c08de5cfd4ab4a163ca3179c","en_d4ab4a163ca3179cba7a90cba1336a9f","team_3e7ac27c9ed5ebd3354872841521e986","SAC","evt_6369e253c08de5cf79f26b373490b332","NBA Daily Main Market 11/9"
"Isaiah Hartenstein",107,107,107,20.75,20.75,"NULL","NULL",1.7,"NULL","NULL","NULL","NULL","1","1","tdbl_6369e253c08de5cfc15d96ca65771e95","en_c15d96ca65771e952213828f87baf51a","team_5deb8a73923692ffb84a1e59b19b2839","NYK","evt_6369e253c08de5cf79f26b373490b332","NBA Daily Main Market 11/9"
"Ben Simmons",108,108,108,20.65,20.65,"NULL","NULL",1.66,"NULL","NULL","NULL","NULL","1","1","tdbl_6369e253c08de5cffcc6299cf30b55e3","en_fcc6299cf30b55e3c176491d2a7fc96c","team_926e47503c56d019668d93e2cfa33df6","BKN","evt_6369e253c08de5cf79f26b373490b332","NBA Daily Main Market 11/9"
"Keegan Murray",109,109,109,20.6,20.6,"NULL","NULL",1.69,"NULL","NULL","NULL","NULL","1","1","tdbl_6369e253c08de5cf62bafc565901a49d","en_62bafc565901a49d09786220a59a08ed","team_3e7ac27c9ed5ebd3354872841521e986","SAC","evt_6369e253c08de5cf79f26b373490b332","NBA Daily Main Market 11/9"
"Trae Young",110,110,110,20.53,20.53,"NULL","NULL",1.88,"NULL","NULL","NULL","NULL","1","1","tdbl_6369e253c08de5cffc14939530748ee0","en_fc14939530748ee0e24ad4571b5c8921","team_4d7379c8d756e5a15190c56b550778a8","ATL","evt_6369e253c08de5cf79f26b373490b332","NBA Daily Main Market 11/9"
"Jabari Smith",111,111,111,20.31,20.31,"NULL","NULL",1.7,"NULL","NULL","NULL","NULL","1","1","tdbl_6369e253c08de5cf62bafc56417b8117","en_62bafc56417b811787a215a2ff770421","team_682f0dedc9cc1e1459a84a8fa457adfa","HOU","evt_6369e253c08de5cf79f26b373490b332","NBA Daily Main Market 11/9"
"Patrick Williams",112,112,112,19.96,19.96,"NULL","NULL",1.6,"NULL","NULL","NULL","NULL","1","1","tdbl_6369e253c08de5cf5fda36125393d877","en_5fda36125393d8774d9f81bbe1360417","team_c13144b884a226eb1644f76c1538f47f","CHI","evt_6369e253c08de5cf79f26b373490b332","NBA Daily Main Market 11/9"
"Eric Gordon",113,113,113,19.85,19.85,"NULL","NULL",1.55,"NULL","NULL","NULL","NULL","1","1","tdbl_6369e253c08de5cf9e314ab9e97d6d4e","en_9e314ab9e97d6d4e11f3d4fd055d785d","team_682f0dedc9cc1e1459a84a8fa457adfa","HOU","evt_6369e253c08de5cf79f26b373490b332","NBA Daily Main Market 11/9"
"Onyeka Okongwu",114,114,114,19.82,19.82,"NULL","NULL",1.51,"NULL","NULL","NULL","NULL","1","1","tdbl_6369e253c08de5cf5fda36116deb8dde","en_5fda36116deb8ddeedbcf8b33b9475e2","team_4d7379c8d756e5a15190c56b550778a8","ATL","evt_6369e253c08de5cf79f26b373490b332","NBA Daily Main Market 11/9"
"Obi Toppin",115,116,115,19.62,19.62,"NULL","NULL",1.5,"NULL","NULL","NULL","NULL","1","1","tdbl_6369e253c08de5cf5fda3611fa47c3e3","en_5fda3611fa47c3e3234def2ba3d9b970","team_5deb8a73923692ffb84a1e59b19b2839","NYK","evt_6369e253c08de5cf79f26b373490b332","NBA Daily Main Market 11/9"
"Santi Aldama",116,117,116,19.6,19.6,"NULL","NULL",1.62,"NULL","NULL","NULL","NULL","1","1","tdbl_6369e253c08de5cf6151cada2b1ec258","en_6151cada2b1ec258d9eb46cc76521077","team_ee38041b627b686997c75b66a27c2d63","MEM","evt_6369e253c08de5cf79f26b373490b332","NBA Daily Main Market 11/9"
"Kenyon Martin",117,118,117,19.51,19.51,"NULL","NULL",1.51,"NULL","NULL","NULL","NULL","1","1","tdbl_6369e253c08de5cf5fda36112627a391","en_5fda36112627a391888108e742e0b746","team_682f0dedc9cc1e1459a84a8fa457adfa","HOU","evt_6369e253c08de5cf79f26b373490b332","NBA Daily Main Market 11/9"
"Harrison Barnes",118,119,118,19.45,19.45,"NULL","NULL",1.61,"NULL","NULL","NULL","NULL","1","1","tdbl_6369e253c08de5cfb809d1c7049b670f","en_b809d1c7049b670f11c7436db6fcd2ff","team_3e7ac27c9ed5ebd3354872841521e986","SAC","evt_6369e253c08de5cf79f26b373490b332","NBA Daily Main Market 11/9"
"Jalen McDaniels",119,115,119,19.7,19.7,"NULL","NULL",1.61,"NULL","NULL","NULL","NULL","1","1","tdbl_6369e253c08de5cf60c28ca5de405535","en_60c28ca5de405535ffee13b12ba6c560","team_0f1b93d1f9daa8aad8d27fb0165fc89a","CHA","evt_6369e253c08de5cf79f26b373490b332","NBA Daily Main Market 11/9"
"Josh Richardson",120,120,120,19.2,19.2,"NULL","NULL",1.54,"NULL","NULL","NULL","NULL","1","1","tdbl_6369e253c08de5cfb3147c681557a264","en_b3147c681557a2644f58a36079723a84","team_a81cc369e80e7779c099c9acc75d1d2d","SAS","evt_6369e253c08de5cf79f26b373490b332","NBA Daily Main Market 11/9"
"Jerami Grant",121,135,121,0,0,"NULL","NULL",1,"NULL","NULL","NULL","NULL","1","1","tdbl_6369e253c08de5cf5f7238ac84504d30","en_5f7238ac84504d30128c8c324bf3f074","team_25ee4cc4ceb6e55bf09e36b84fafffe3","POR","evt_6369e253c08de5cf79f26b373490b332","NBA Daily Main Market 11/9"
"Herbert Jones",122,121,122,19.16,19.16,"NULL","NULL",1.5,"NULL","NULL","NULL","NULL","1","1","tdbl_6369e253c08de5cf6151cad8d6aff52a","en_6151cad8d6aff52a6930b7f81f73ec1c","team_5d4cd39927492d235af4ebdf3c541ed4","NOP","evt_6369e253c08de5cf79f26b373490b332","NBA Daily Main Market 11/9"
"Torrey Craig",123,122,123,18.91,18.91,"NULL","NULL",1.51,"NULL","NULL","NULL","NULL","1","1","tdbl_6369e253c08de5cf85a44053bbc1d56e","en_85a44053bbc1d56ec2f3118d37683e13","team_b24eab7ad40329a6c2d98499001984d6","PHX","evt_6369e253c08de5cf79f26b373490b332","NBA Daily Main Market 11/9"
"Precious Achiuwa",124,123,124,18.74,18.74,"NULL","NULL",1.44,"NULL","NULL","NULL","NULL","1","1","tdbl_6369e253c08de5cf5fda360ef6202411","en_5fda360ef62024118e1ccecc962790a5","team_348740f5a05d6c44db96baaa917e5412","TOR","evt_6369e253c08de5cf79f26b373490b332","NBA Daily Main Market 11/9"
"Norman Powell",125,124,125,18.73,18.73,"NULL","NULL",1.49,"NULL","NULL","NULL","NULL","1","1","tdbl_6369e253c08de5cf6de03cb5c6424ccc","en_6de03cb5c6424ccca9571cf1bc851464","team_7dd4f60270d41675e670de5d3b365167","LAC","evt_6369e253c08de5cf79f26b373490b332","NBA Daily Main Market 11/9"
"Justise Winslow",126,78,126,26.09,26.09,"NULL","NULL",2.76,"NULL","NULL","NULL","NULL","1","1","tdbl_6369e253c08de5cf4e404eba568f48c6","en_4e404eba568f48c6d8130e592efb7405","team_25ee4cc4ceb6e55bf09e36b84fafffe3","POR","evt_6369e253c08de5cf79f26b373490b332","NBA Daily Main Market 11/9"
"Bruce Brown",127,125,127,18.12,18.12,"NULL","NULL",1.37,"NULL","NULL","NULL","NULL","1","1","tdbl_6369e253c08de5cfeb9f01dc0b42e354","en_eb9f01dc0b42e354366fd5be823fc05d","team_0d0866361e9040ebffc04d6b5615caf7","DEN","evt_6369e253c08de5cf79f26b373490b332","NBA Daily Main Market 11/9"
"Terance Mann",128,126,128,17.96,17.96,"NULL","NULL",1.34,"NULL","NULL","NULL","NULL","1","1","tdbl_6369e253c08de5cfa891f62d1a514b14","en_a891f62d1a514b14681961fcda1744f7","team_7dd4f60270d41675e670de5d3b365167","LAC","evt_6369e253c08de5cf79f26b373490b332","NBA Daily Main Market 11/9"
"Troy Brown",129,127,129,17.82,17.82,"NULL","NULL",1.35,"NULL","NULL","NULL","NULL","1","1","tdbl_6369e253c08de5cf13a6a7603aa51437","en_13a6a7603aa51437fd3a84ff3ac973c6","team_c810af314a7b97e51d7b768db3b140dd","LAL","evt_6369e253c08de5cf79f26b373490b332","NBA Daily Main Market 11/9"
"Malik Beasley",130,129,130,17.13,17.13,"NULL","NULL",1.14,"NULL","NULL","NULL","NULL","1","1","tdbl_6369e253c08de5cf141d41b6344085db","en_141d41b6344085dbc83a584b68228cbe","team_1a5bcc13aa6b9c181ed4a0e9eb55d5d4","UTA","evt_6369e253c08de5cf79f26b373490b332","NBA Daily Main Market 11/9"
"Nick Richards",131,128,131,17.77,17.77,"NULL","NULL",1.33,"NULL","NULL","NULL","NULL","1","1","tdbl_6369e253c08de5cf5fda360f34a958f5","en_5fda360f34a958f5e8f12aabe95731d5","team_0f1b93d1f9daa8aad8d27fb0165fc89a","CHA","evt_6369e253c08de5cf79f26b373490b332","NBA Daily Main Market 11/9"
"Patrick Beverley",132,130,132,16.66,16.66,"NULL","NULL",1.33,"NULL","NULL","NULL","NULL","1","1","tdbl_6369e253c08de5cfb402a1af1291a618","en_b402a1af1291a618d01d5fdeb2b5700f","team_c810af314a7b97e51d7b768db3b140dd","LAL","evt_6369e253c08de5cf79f26b373490b332","NBA Daily Main Market 11/9"
"Christian Koloko",133,131,133,16.47,16.47,"NULL","NULL",1.23,"NULL","NULL","NULL","NULL","1","1","tdbl_6369e253c08de5cf62bafc5668ff5159","en_62bafc5668ff51596412f73dc1db5450","team_348740f5a05d6c44db96baaa917e5412","TOR","evt_6369e253c08de5cf79f26b373490b332","NBA Daily Main Market 11/9"
"Derrick White",134,132,134,16.44,16.44,"NULL","NULL",1.19,"NULL","NULL","NULL","NULL","1","1","tdbl_6369e253c08de5cf1fa4838d30549dd8","en_1fa4838d30549dd8c70eb5d3e8bc7913","team_1fb9f79b7b84d69cf4ca8b6c43ca0817","BOS","evt_6369e253c08de5cf79f26b373490b332","NBA Daily Main Market 11/9"
"Cam Reddish",135,133,135,16.05,16.05,"NULL","NULL",1.17,"NULL","NULL","NULL","NULL","1","1","tdbl_6369e253c08de5cf36f2bc3b8d6ed8c1","en_36f2bc3b8d6ed8c1bb22d26425ef02d2","team_5deb8a73923692ffb84a1e59b19b2839","NYK","evt_6369e253c08de5cf79f26b373490b332","NBA Daily Main Market 11/9"